Site,r_squared,p_value
Zone I,0.006452989736173777,0.33680940133515236
Zone II,0.09247754004778491,2.003023952904413e-4
Zone III,0.09929372259226354,1.132046070258186e-4
