Site,r_squared,p_value
Zone I,0.24600089522068602,2.2455022663738304e-10
Zone II,0.16437721430938443,4.6308022923578223e-7
Zone III,0.56018827574019,2.7580438116677223e-27
