Df,SumsOfSqs,MeanSqs,F.Model,R2,Pr(>F)
2,2.680709360737723,1.3403546803688615,13.713634439723267,0.056385138404409556,0.001
459,44.862126155794066,0.09773883694072781,NA,0.9436148615955905,NA
461,47.54283551653179,NA,NA,1,NA
