Df,SumsOfSqs,MeanSqs,F.Model,R2,Pr(>F)
1,0.7444725753070774,0.7444725753070774,12.163402518357117,0.027887260710382934,0.001
424,25.95132171724231,0.0612059474463262,NA,0.9721127392896171,NA
425,26.695794292549387,NA,NA,1,NA
