Df,SumsOfSqs,MeanSqs,F.Model,R2,Pr(>F)
2,6.5015551984869875,3.2507775992434937,68.09263365037135,0.24354230210342637,0.001
423,20.194239094062397,0.047740517952866185,NA,0.7564576978965737,NA
425,26.695794292549383,NA,NA,1,NA
