Df,SumsOfSqs,MeanSqs,F.Model,R2,Pr(>F)
1,1.9006054891801336,1.9006054891801336,13.459776799879442,0.028249555272601232,0.001
463,65.37852407019734,0.14120631548638735,NA,0.9717504447273987,NA
464,67.27912955937748,NA,NA,1,NA
