Df,SumsOfSqs,MeanSqs,F.Model,R2,Pr(>F)
1,7.650286950359882,7.650286950359882,96.59309822886348,0.1834302396931207,0.001
430,34.05650557828116,0.07920117576344456,NA,0.8165697603068792,NA
431,41.706792528641046,NA,NA,1,NA
