Df,SumsOfSqs,MeanSqs,F.Model,R2,Pr(>F)
1,5.424885036235841,5.424885036235841,34.96280836313223,0.07487279016007525,0.001
432,67.02980811247195,0.15516159285294434,NA,0.9251272098399248,NA
433,72.45469314870779,NA,NA,1,NA
