Df,SumsOfSqs,MeanSqs,F.Model,R2,Pr(>F)
1,7.650286950359882,7.650286950359882,104.48339686073098,0.1834302396931207,0.001
2,2.632371079117198,1.316185539558599,17.97573567689344,0.06311612376591862,0.001
2,0.23236299505258096,0.11618149752629048,1.5867427709155932,0.005571346559268775,0.215
426,31.191771504111383,0.07322012090166992,NA,0.7478822899816919,NA
431,41.706792528641046,NA,NA,1,NA
