Df,SumsOfSqs,MeanSqs,F.Model,R2,Pr(>F)
2,6.886802891065673,3.4434014455328366,66.51385378381866,0.22469844885163473,0.001
459,23.76228670551153,0.051769687811571964,NA,0.7753015511483653,NA
461,30.649089596577205,NA,NA,1,NA
