Df,SumsOfSqs,MeanSqs,F.Model,R2,Pr(>F)
1,5.456282035228344,5.456282035228344,35.3549338753775,0.07108592167748838,0.001
462,71.29987314248878,0.1543287297456467,NA,0.9289140783225116,NA
463,76.75615517771712,NA,NA,1,NA
