Df,SumsOfSqs,MeanSqs,F.Model,R2,Pr(>F)
4,8.519054388376178,2.1297635970940445,31.218453165005076,0.4714464272853674,0.001
140,9.550982619709107,0.06822130442649361,NA,0.5285535727146325,NA
144,18.070037008085286,NA,NA,1,NA
