Df,SumsOfSqs,MeanSqs,F.Model,R2,Pr(>F)
1,10.231878045551824,10.231878045551824,126.14696110692495,0.21521387890282556,0.001
460,37.31095747097995,0.08111077711082598,NA,0.7847861210971744,NA
461,47.542835516531774,NA,NA,1,NA
