Df,SumsOfSqs,MeanSqs,F.Model,R2,Pr(>F)
2,5.90611822185634,2.95305911092817,22.38089263391253,0.09388710809252411,0.001
432,57.00047611094559,0.1319455465531148,NA,0.9061128919074759,NA
434,62.90659433280193,NA,NA,1,NA
