Df,SumsOfSqs,MeanSqs,F.Model,R2,Pr(>F)
1,0.7295776666918787,0.7295776666918787,11.216951916352684,0.02380421984127567,0.001
460,29.919511929885324,0.06504241723888114,NA,0.9761957801587243,NA
461,30.649089596577202,NA,NA,1,NA
