Df,SumsOfSqs,MeanSqs,F.Model,R2,Pr(>F)
1,1.5346988287955048,1.5346988287955048,13.272297798700567,0.08493058581500507,0.001
143,16.53533817928978,0.11563173551950895,NA,0.9150694141849949,NA
144,18.070037008085286,NA,NA,1,NA
