Df,SumsOfSqs,MeanSqs,F.Model,R2,Pr(>F)
1,5.424885036235841,5.424885036235841,57.943379627073774,0.07487279016007525,0.001
2,24.6299698949581,12.31498494747905,131.53676864064997,0.3399361563012481,0.001
2,2.3288100784498624,1.1644050392249312,12.437049407834632,0.03214160432189196,0.001
428,40.07102813906398,0.09362389752117753,NA,0.5530494492167847,NA
433,72.45469314870779,NA,NA,1,NA
