Df,SumsOfSqs,MeanSqs,F.Model,R2,Pr(>F)
1,5.456282035228344,5.456282035228344,58.09234229909269,0.07108592167748838,0.001
2,25.783447830795957,12.891723915397979,137.25654826553648,0.3359137488205126,0.001
2,2.4991002524205648,1.2495501262102824,13.303801596583773,0.032558955651625344,0.001
458,43.01732505927225,0.0939242905224285,NA,0.5604413738503736,NA
463,76.75615517771712,NA,NA,1,NA
