Df,SumsOfSqs,MeanSqs,F.Model,R2,Pr(>F)
1,2.044766909530718,2.044766909530718,14.547444750044823,0.032504810206590656,0.001
433,60.86182742327121,0.1405584928943908,NA,0.9674951897934094,NA
434,62.90659433280192,NA,NA,1,NA
