Df,SumsOfSqs,MeanSqs,F.Model,R2,Pr(>F)
2,24.647980108211016,12.323990054105508,111.10656590885084,0.3401847283739495,0.001
431,47.806713040496774,0.1109204478897837,NA,0.6598152716260506,NA
433,72.45469314870779,NA,NA,1,NA
