Df,SumsOfSqs,MeanSqs,F.Model,R2,Pr(>F)
2,2.6837468363424635,1.3418734181712317,14.751890483757627,0.06434795565972788,0.001
429,39.023045692298574,0.09096281047155845,NA,0.935652044340272,NA
431,41.70679252864104,NA,NA,1,NA
