Df,SumsOfSqs,MeanSqs,F.Model,R2,Pr(>F)
2,25.801159958519353,12.900579979259676,116.71411889757299,0.33614450722265493,0.001
461,50.95499521919776,0.1105314429917522,NA,0.663855492777345,NA
463,76.75615517771712,NA,NA,1,NA
