Site,r_squared,p_value
Zone I,0.08449301485475699,4.4931224323442647e-4
Zone II,0.04121934817309522,0.015755246700681277
Zone III,0.002146970440494223,0.582646457395311
