Site,r_squared,p_value
Zone I,0.28940050089072894,3.568877975618294e-12
Zone II,0.2381546051801213,5.495133362710135e-10
Zone III,0.19731830683366455,2.44631493817067e-8
